122616867,Luke Harrison,https://randomuser.me/api/portraits/men/95.jpg
951066866,Kay Martinez,https://randomuser.me/api/portraits/women/24.jpg
425577730,Isobel Thomas,https://randomuser.me/api/portraits/women/53.jpg
227257442,Steve Cole,https://randomuser.me/api/portraits/men/35.jpg
732190476,Richard Mckinney,https://randomuser.me/api/portraits/men/46.jpg
584792112,Isaiah Hughes,https://randomuser.me/api/portraits/men/94.jpg
348442292,Edith Hart,https://randomuser.me/api/portraits/women/12.jpg
231104429,Phillip Lawrence,https://randomuser.me/api/portraits/men/36.jpg
783270860,Mattie Hale,https://randomuser.me/api/portraits/women/49.jpg
218961792,Byron Herrera,https://randomuser.me/api/portraits/men/49.jpg
